question,chunk id,intent label,doc title,chunk title,answer
Where do I find my refund details in Amazon?,amz_track_004,refund_status_lookup,Tracking Returns and Refund Status,Your Returns Navigation,"To track a pending refund, check the Your Returns section or the status link in your confirmation emails. Once the refund is issued, the details will appear in Your Transactions and in a refund summary email."
I received an empty package from Amazon. What should I do?,missing_item_from_order_006,missing_item_from_order,Find a Missing Item from Your Order,You received an empty package,"If the order was shipped by Amazon, contact Customer Service within 30 days of expected delivery."
My Amazon box arrived empty. What should I do?,missing_item_from_order_006,missing_item_from_order,Find a Missing Item from Your Order,You received an empty package,Contact Customer Service within 30 days if the order was shipped by Amazon.
My package arrived empty. What should I do?,missing_item_from_order_006,missing_item_from_order,Find a Missing Item from Your Order,You received an empty package,Contact Customer Service within 30 days if the order was shipped by Amazon.
My Amazon parcel was sealed but the item was missing.,missing_item_from_order_006,missing_item_from_order,Find a Missing Item from Your Order,You received an empty package,Contact Customer Service within 30 days if the item was shipped by Amazon.
amazon sent empty package what should i do,missing_item_from_order_006,missing_item_from_order,Find a Missing Item from Your Order,You received an empty package,Contact Customer Service within 30 days if the order was shipped by Amazon.
empty amazon packet received what now,missing_item_from_order_006,missing_item_from_order,Find a Missing Item from Your Order,You received an empty package,Contact Customer Service within 30 days if the order was shipped by Amazon.
Why does Amazon ask me to wait 48 hours for a late delivery?,late_delivery_005,late_delivery,Late Deliveries,Why wait for 48 hours,"Most deliveries arrive within 48 hours. If there is no email or notification about the delay, wait because the package may be nearly delivered."
Should I contact Amazon immediately if my package is late?,late_delivery_005,late_delivery,Late Deliveries,Why wait for 48 hours,Amazon usually asks you to wait 48 hours because most delayed packages arrive within that time.
My estimated delivery date passed. Should I wait?,late_delivery_005,late_delivery,Late Deliveries,Why wait for 48 hours,Yes. Wait up to 48 hours because many delayed packages arrive within that time.
Does Amazon consider a delivery late immediately after the date passes?,late_delivery_005,late_delivery,Late Deliveries,Why wait for 48 hours,Amazon usually advises waiting 48 hours because late packages often arrive soon after.
delivery date passed and still nothing came,late_delivery_005,late_delivery,Late Deliveries,Why wait for 48 hours,Wait up to 48 hours after the estimated delivery date because delayed packages often arrive soon after.
order still not here after expected date,late_delivery_005,late_delivery,Late Deliveries,Why wait for 48 hours,Wait up to 48 hours because delayed packages often arrive soon after.
Why do Amazon deliveries get delayed?,late_delivery_003,late_delivery,Late Deliveries,Why some deliveries are delayed,"Common reasons include bad weather, heavy traffic, high holiday demand, customs delays for international packages, and operational problems such as vehicle breakdowns."
Why is my Amazon delivery taking longer than expected?,late_delivery_003,late_delivery,Late Deliveries,Why some deliveries are delayed,"Delays can happen because of weather, traffic, high order volume, customs, or incorrect address information."
Why has my Amazon package not arrived yet?,late_delivery_003,late_delivery,Late Deliveries,Why some deliveries are delayed,"Deliveries may be delayed by weather, traffic, carrier issues, high volume, or address problems."
Can bad weather delay my Amazon delivery?,late_delivery_003,late_delivery,Late Deliveries,Why some deliveries are delayed,Yes. Weather can delay packages during transit.
Can traffic cause my package to arrive late?,late_delivery_003,late_delivery,Late Deliveries,Why some deliveries are delayed,Yes. Traffic and carrier delays can affect delivery timing.
Can wrong address details delay delivery?,late_delivery_003,late_delivery,Late Deliveries,Why some deliveries are delayed,Yes. Incorrect or incomplete address information can delay delivery.
why is my package taking so longg,late_delivery_003,late_delivery,Late Deliveries,Why some deliveries are delayed,"Deliveries may be delayed by weather, traffic, carrier issues, high volume, or address problems."
why amazon delivery delayed again,late_delivery_003,late_delivery,Late Deliveries,Why some deliveries are delayed,"Delays may happen due to weather, traffic, carrier issues, high volume, or address problems."
Why was my package marked undeliverable?,undeliverable_package_001,undeliverable_package,Undeliverable Packages,Undeliverable Packages,"It may happen due to address issues, failed delivery attempts, damage, or carrier problems."
My address was wrong and package is undeliverable. What now?,undeliverable_package_003,undeliverable_package,Undeliverable Packages,Refund Times for Undeliverable Packages,The package may be returned and refunded. Place a new order with the correct address.
What do I do if I still cannot find my delivered package after all checks?,missing_package_delivered_008,missing_package_delivered,Find a Missing Package that Shows as Delivered,What to do next?,"If it was shipped and sold by a third-party seller, contact the seller. If it was shipped by Amazon, contact Customer Service within 30 days of expected delivery."
Who do I contact if my delivered package is still missing?,missing_package_delivered_008,missing_package_delivered,Find a Missing Package that Shows as Delivered,What to do next?,"Contact the seller if it was sold by a third-party seller, or contact Amazon Customer Service if it was sold by Amazon."
What if my delivered package is still missing after 48 hours?,missing_package_delivered_008,missing_package_delivered,Find a Missing Package that Shows as Delivered,What to do next?,Contact Amazon Customer Service or the third-party seller depending on who sold the item.
Who do I contact for a missing third-party seller package?,missing_package_delivered_008,missing_package_delivered,Find a Missing Package that Shows as Delivered,What to do next?,Contact the third-party seller for help with the missing delivered package.
Who do I contact if Amazon sold the missing package?,missing_package_delivered_008,missing_package_delivered,Find a Missing Package that Shows as Delivered,What to do next?,Contact Amazon Customer Service if the package was sold by Amazon.
should i contact amazon if delivered item never came,missing_package_delivered_008,missing_package_delivered,Find a Missing Package that Shows as Delivered,What to do next?,"If it is still missing after 48 hours, contact Amazon Customer Service or the seller."
My Amazon delivery is late. What should I do?,late_delivery_002,late_delivery,Late Deliveries,What to do if your delivery is late,"Track the package for status updates, check your email for carrier notifications, and allow 48 hours past the estimated delivery date for unexpected delays."
My delivery date has passed. What should I do now?,late_delivery_002,late_delivery,Late Deliveries,What to do if your delivery is late,"Track the package, check your email for updates, and wait for any carrier notification."
My order is late. What should I do?,late_delivery_002,late_delivery,Late Deliveries,What to do if your delivery is late,Check tracking updates and wait up to 48 hours after the estimated delivery date.
What should I do before contacting support for a late order?,late_delivery_002,late_delivery,Late Deliveries,What to do if your delivery is late,"Check tracking, email updates, and wait up to 48 hours after the estimated delivery date."
My package is delayed but tracking still updates. What should I do?,late_delivery_002,late_delivery,Late Deliveries,What to do if your delivery is late,Continue checking tracking updates and wait up to 48 hours after the estimated date.
My order is late and I need it urgently. What can I check?,late_delivery_002,late_delivery,Late Deliveries,What to do if your delivery is late,Check the latest tracking status and any email updates from Amazon.
My package is late but not marked delivered.,late_delivery_002,late_delivery,Late Deliveries,What to do if your delivery is late,Check tracking and wait up to 48 hours after the estimated delivery date.
my order is late what should i do now,late_delivery_002,late_delivery,Late Deliveries,What to do if your delivery is late,Check tracking updates and wait up to 48 hours after the estimated delivery date.
my order is late but tracking is still moving,late_delivery_002,late_delivery,Late Deliveries,What to do if your delivery is late,Continue checking tracking updates and wait up to 48 hours after the estimated delivery date.
my delivery is late by one day,late_delivery_002,late_delivery,Late Deliveries,What to do if your delivery is late,Check tracking and wait up to 48 hours after the estimated delivery date.
tracking says delayed what next,late_delivery_002,late_delivery,Late Deliveries,What to do if your delivery is late,Check tracking updates and wait up to 48 hours after the estimated date.
What happens if my package is marked undeliverable?,undeliverable_package_002,undeliverable_package,Undeliverable Packages,What Happens with Undelivered Packages,"Amazon notifies you, the package is returned to Amazon, and Amazon processes a refund. Undeliverable packages cannot be reshipped, so you can place a new order."
What happens after Amazon marks a package undeliverable?,undeliverable_package_002,undeliverable_package,Undeliverable Packages,What Happens with Undelivered Packages,Amazon returns the package and processes a refund after the return is received.
What does undeliverable package mean?,undeliverable_package_002,undeliverable_package,Undeliverable Packages,What Happens with Undelivered Packages,It means the package could not be delivered and may be returned to Amazon.
What happens after my package is undeliverable?,undeliverable_package_002,undeliverable_package,Undeliverable Packages,What Happens with Undelivered Packages,Amazon usually returns the package and processes a refund after receiving the return.
Will Amazon refund an undeliverable package?,undeliverable_package_002,undeliverable_package,Undeliverable Packages,What Happens with Undelivered Packages,"Yes, a refund is usually processed after the package is returned."
Can Amazon resend an undeliverable package?,undeliverable_package_002,undeliverable_package,Undeliverable Packages,What Happens with Undelivered Packages,"Usually, undeliverable packages are returned and refunded rather than resent."
My package was returned as undeliverable. Do I need to contact Amazon?,undeliverable_package_002,undeliverable_package,Undeliverable Packages,What Happens with Undelivered Packages,Amazon usually processes a refund after receiving the returned package.
How do I fix an undeliverable package issue?,undeliverable_package_002,undeliverable_package,Undeliverable Packages,What Happens with Undelivered Packages,Wait for the refund and place a new order with corrected delivery details.
My package could not be delivered. Will it come again?,undeliverable_package_002,undeliverable_package,Undeliverable Packages,What Happens with Undelivered Packages,"If marked undeliverable, it is usually returned and refunded rather than redelivered."
Do I need to cancel an undeliverable package?,undeliverable_package_002,undeliverable_package,Undeliverable Packages,What Happens with Undelivered Packages,No. Amazon usually handles the return and refund automatically.
Can I change the address after a package is undeliverable?,undeliverable_package_002,undeliverable_package,Undeliverable Packages,What Happens with Undelivered Packages,Usually no. Place a new order with the correct address after the refund.
My hotel delivery failed. What will happen?,undeliverable_package_002,undeliverable_package,Undeliverable Packages,What Happens with Undelivered Packages,"If the package becomes undeliverable, it may be returned and refunded."
package says undeliverable what does that mean,undeliverable_package_002,undeliverable_package,Undeliverable Packages,What Happens with Undelivered Packages,It means the package could not be delivered and may be returned to Amazon for a refund.
order says undeliverable will i get refund,undeliverable_package_002,undeliverable_package,Undeliverable Packages,What Happens with Undelivered Packages,Undeliverable packages are usually returned and refunded after Amazon receives them.
Can I return an Amazon order from Canada using UPS?,amz_int_001,international_return_shipping,International and Special Item Returns,UPS Drop-Off Returns,Yes. Customers shipping from Amazon.com to Canada may use prepaid UPS drop-off labels for eligible returns.
What does the delivery status 'Out for delivery' mean?,track_package_003,track_package,Tracking your package,Understanding delivery statuses,It means your package is scheduled to be delivered today.
What does 'Undeliverable' mean in my order status?,track_package_003,track_package,Tracking your package,Understanding delivery statuses,"It means the package could not be delivered and will be returned to Amazon. Once Amazon receives it, a refund is automatically issued."
What does it mean if my package status says shipped?,track_package_003,track_package,Tracking your package,Understanding delivery statuses,It means the package has left the fulfillment location and is on its way through the delivery process.
What does it mean if my Amazon order is out for delivery today?,track_package_003,track_package,Tracking your package,Understanding delivery statuses,It means the package is expected to be delivered by the end of the day.
How can I check if my order has shipped?,track_package_003,track_package,Tracking your package,Understanding delivery statuses,Check Your Orders and open Track package to see whether the order has shipped.
What does “shipped” mean on my Amazon order?,track_package_003,track_package,Tracking your package,Understanding delivery statuses,It means the package has left the fulfillment location and is moving through the delivery process.
What does “out for delivery” mean?,track_package_003,track_package,Tracking your package,Understanding delivery statuses,It means the package is expected to be delivered by the end of the day.
my order says shipped what does that mean exactly,track_package_003,track_package,Tracking your package,Understanding delivery statuses,It means the package has left the fulfillment location and is moving through delivery.
it says out for delivery but no time is showing,track_package_003,track_package,Tracking your package,Understanding delivery statuses,Out for delivery means the package is expected to arrive by the end of the day.
my order has no exact time but says arriving today,track_package_003,track_package,Tracking your package,Understanding delivery statuses,Check Track package for the latest delivery status and updates.
How can I see where my return is right now?,amz_track_001,return_tracking_help,Tracking Returns and Refund Status,Tracking a Return,Option 1: Open your return confirmation email → select Return/Refund Status. Option 2: Use the carrier tracking number on the carrier website. Option 3: Go to Your Returns in your Amazon account.
Can I track a package from a third-party seller on Amazon?,track_package_002,track_package,Tracking your package,Track packages from third-party sellers,You can track it only if the third-party seller shares tracking information with Amazon and you chose a trackable shipping option.
Can I track my seller-shipped Amazon package?,track_package_002,track_package,Tracking your package,Track packages from third-party sellers,You can track it if the third-party seller provides tracking information to Amazon.
Can I track a package from a third-party seller?,track_package_002,track_package,Tracking your package,Track packages from third-party sellers,"Yes, if the seller has provided tracking information to Amazon."
What should I do if seller tracking is not showing?,track_package_002,track_package,Tracking your package,Track packages from third-party sellers,Check Your Orders for updates or contact the third-party seller if tracking is unavailable.
can i track my seller order or only amazon ones,track_package_002,track_package,Tracking your package,Track packages from third-party sellers,You can track third-party seller packages if the seller provides tracking information to Amazon.
my seller order has tracking or not?,track_package_002,track_package,Tracking your package,Track packages from third-party sellers,Seller-shipped orders can be tracked if the seller provides tracking information to Amazon.
How do I track my Amazon package?,track_package_001,track_package,Tracking your package,Track package in Your Orders,"Go to Your Orders, find the order, select Track package, then select All updates to see delivery updates and tracking numbers."
Why does one order have different delivery dates for different items?,track_package_001,track_package,Tracking your package,Track package in Your Orders,"If you ordered more than one thing, the items may ship separately, so they can have separate delivery dates and tracking information."
Where can I see the latest location of my Amazon order?,track_package_001,track_package,Tracking your package,Track package in Your Orders,"Go to Your Orders, select the order, and choose Track package to see the latest tracking updates."
How do I check all tracking updates for my package?,track_package_001,track_package,Tracking your package,Track package in Your Orders,"Open Your Orders, find the package, select Track package, and then select All updates."
Why are items from the same order arriving separately?,track_package_001,track_package,Tracking your package,Track package in Your Orders,"Items in one order may ship separately, so each item can have a different delivery date."
How do I track my Amazon delivery?,track_package_001,track_package,Tracking your package,Track package in Your Orders,"Go to Your Orders, select the order, and choose Track package."
Where do I find the tracking page for my order?,track_package_001,track_package,Tracking your package,Track package in Your Orders,"Open Your Orders, find the item, and select Track package."
Can I see where my package is right now?,track_package_001,track_package,Tracking your package,Track package in Your Orders,Yes. Use Track package in Your Orders to see the latest location and status.
Where can I see all delivery updates?,track_package_001,track_package,Tracking your package,Track package in Your Orders,Select Track package and then view all tracking updates for the order.
Can I track every item in the same order separately?,track_package_001,track_package,Tracking your package,Track package in Your Orders,"Yes. Items may ship separately, so check tracking for each item in Your Orders."
Why does one order have multiple tracking numbers?,track_package_001,track_package,Tracking your package,Track package in Your Orders,Items from the same order may ship separately and receive separate tracking numbers.
How do I know when my package will arrive?,track_package_001,track_package,Tracking your package,Track package in Your Orders,Check the estimated delivery date in Your Orders and the latest tracking status.
My order says arriving today. Where do I check progress?,track_package_001,track_package,Tracking your package,Track package in Your Orders,Use Track package in Your Orders to see the current delivery progress.
Can Amazon show me carrier tracking details?,track_package_001,track_package,Tracking your package,Track package in Your Orders,"Yes, tracking details appear in Your Orders when available from the carrier."
Where can I check if my package is delayed?,track_package_001,track_package,Tracking your package,Track package in Your Orders,Open Track package in Your Orders and check the latest delivery update.
where is my package it was supposed to come today,track_package_001,track_package,Tracking your package,Track package in Your Orders,"Go to Your Orders, select the order, and choose Track package to see the latest status."
how do i chekc where my amazon order is rn,track_package_001,track_package,Tracking your package,Track package in Your Orders,Open Your Orders and select Track package for the order.
i ordered 3 things why r they coming seperately,track_package_001,track_package,Tracking your package,Track package in Your Orders,Items from the same order may ship separately and have different delivery dates.
how can i see where my parcel is now,track_package_001,track_package,Tracking your package,Track package in Your Orders,"Go to Your Orders, select the order, and choose Track package."
where do i find tracking for my amazon order,track_package_001,track_package,Tracking your package,Track package in Your Orders,Open Your Orders and select Track package for the item.
why is only one item showing as shipped,track_package_001,track_package,Tracking your package,Track package in Your Orders,Items in one order may ship separately and have different delivery dates.
can i check all updates for my delivery,track_package_001,track_package,Tracking your package,Track package in Your Orders,Select Track package and view all tracking updates.
"I bought something from a seller, not Amazon. Where does the return go?",amz_seg_004,third_party_return_process,Segment-Specific and Third-Party Seller Policies,Third-Party Seller Returns,Returns for items fulfilled and shipped by third-party sellers are sent directly to the seller.
How do I begin a return request on Amazon?,amz_ret_010,initiate_return_process,"Initiating, Packaging, and Sending Returns",Starting a Return Request,1. Go to Your Orders → 2. Find the eligible item → 3. Select Return Items beside the product → 4. Follow the return instructions shown on-screen
How long do I usually have to return something on Amazon?,amz_ret_003,return_window_inquiry,Return Windows and Eligibility Exceptions,Standard 30-Day Return Window,Most items sold on Amazon.com can be returned within 30 days of delivery.
Can I put items from different orders into the same return box?,amz_ret_012,return_shipment_rules,"Initiating, Packaging, and Sending Returns",Separate Return Shipment Rules,No. Customers should not combine items from separate orders in the same return package.
How do I return a gift I received from someone else?,amz_int_006,gift_return_workflow,International and Special Item Returns,Returning Gifts,1. Go to the Returns page → 2. Enter the 17-digit order number from the packing slip or digital gift receipt → 3. Start the return request → 4. Follow the return instructions shown
What does “Return Requested” mean in my return status?,amz_track_003,return_status_explanation,Tracking Returns and Refund Status,Return Status Types,It means Amazon accepted your return request and is waiting to receive the item.
Why was I charged for return shipping?,amz_fee_001,return_shipping_fee_inquiry,"Return Fees, Damage Fees, and Partial Refunds",Return Shipping Fees,"Return shipping fees may apply if you selected a paid return option, returned a bulky item, or have an unusually high return rate."
Do opened video games have restocking fees?,amz_fee_004,restocking_fee_inquiry,"Return Fees, Damage Fees, and Partial Refunds",Restocking Fees,Yes. Opened or activated video games may incur a 100% restocking fee.
I received a suspicious email pretending to be Amazon. What should I do?,amz_sec_001,scam_reporting_help,"Security, Scams, and Fraud Reporting",Reporting Amazon Scams and Fraud,You should report suspicious communications immediately through Amazon’s scam reporting options.
My replacement item hasn’t shipped yet. Is that normal?,amz_rep_001,replacement_order_status,"Replacements, Order Changes, and Cancellations",Replacing Damaged or Defective Items,Yes. Replacement shipping may depend on stock availability and may occur after the original item is returned.
How do I replace a damaged or defective item?,amz_rep_001,replacement_request_workflow,"Replacements, Order Changes, and Cancellations",Replacing Damaged or Defective Items,1. Go to Your Orders → 2. Select Return or replace items beside the item → 3. Select the product to replace → 4. Choose a reason for return → 5. Add any details if needed → 6. Follow the on-screen instructions
Will Amazon email me when the refund is processed?,amz_track_004,refund_notification_inquiry,Tracking Returns and Refund Status,Refund Visibility and Transactions,Yes. Customers receive refund summary emails once refunds are issued.
How can I track the refund Amazon already issued?,amz_track_004,refund_tracking_workflow,Tracking Returns and Refund Status,Refund Visibility and Transactions,Option 1: Open the return confirmation email and select Return/Refund Status. Option 2: Go to Your Returns → find the item → review refund details. Option 3: Check Your Transactions for refund activity.
How long does a refund take for an undeliverable package?,undeliverable_package_003,undeliverable_package,Undeliverable Packages,Refund Times for Undeliverable Packages,"You can expect a refund within 7 business days after the return is received, though some banks may need another 3–5 business days to process it."
How long does a refund to a debit card usually take?,amz_ref_002,refund_timeline_check,"Refund Processing, Timelines, and Refund Types",Refund Timelines by Payment Method,Debit card refunds may take up to 10 business days.
When will Amazon issue my refund after I send the item back?,amz_ret_002,refund_processing_time,General Amazon Return Policy,Refund Processing Overview,Refunds are issued after Amazon or the third-party seller receives and processes the returned item. Processing can take up to 30 days.
Why is tracking information missing for my Amazon order?,missing_tracking_information_005,missing_tracking_information,Missing Tracking Information,Reasons Why Your Tracking Information Is Not Available,"Tracking may be missing because the carrier has not scanned the package, tracking database updates are delayed, the shipment is not trackable, the seller did not provide tracking, or the order is a gift."
Why does my order not have tracking details yet?,missing_tracking_information_005,missing_tracking_information,Missing Tracking Information,Reasons Why Your Tracking Information Is Not Available,Tracking may be unavailable because the carrier has not scanned the package yet.
Why is there no tracking information for my order?,missing_tracking_information_005,missing_tracking_information,Missing Tracking Information,Reasons Why Your Tracking Information Is Not Available,Tracking may not appear until the carrier scans the package.
My order shipped but tracking is missing. Why?,missing_tracking_information_005,missing_tracking_information,Missing Tracking Information,Reasons Why Your Tracking Information Is Not Available,The carrier may not have scanned the package yet.
My tracking number does not show updates. What does that mean?,missing_tracking_information_005,missing_tracking_information,Missing Tracking Information,Reasons Why Your Tracking Information Is Not Available,It may mean the carrier has not updated or scanned the package yet.
Why does my package have no tracking number?,missing_tracking_information_005,missing_tracking_information,Missing Tracking Information,Reasons Why Your Tracking Information Is Not Available,Tracking may be unavailable depending on carrier scans or seller-provided information.
Why is my tracking link not working?,missing_tracking_information_005,missing_tracking_information,Missing Tracking Information,Reasons Why Your Tracking Information Is Not Available,The carrier may not have activated or scanned the tracking number yet.
Why does Amazon say tracking information is not available?,missing_tracking_information_005,missing_tracking_information,Missing Tracking Information,Reasons Why Your Tracking Information Is Not Available,Tracking may be unavailable due to delayed carrier scans or seller tracking issues.
why is tracking not showing for my order,missing_tracking_information_005,missing_tracking_information,Missing Tracking Information,Reasons Why Your Tracking Information Is Not Available,Tracking may not appear until the carrier scans the package.
why tracking details not showing yet,missing_tracking_information_005,missing_tracking_information,Missing Tracking Information,Reasons Why Your Tracking Information Is Not Available,Tracking may not appear until the carrier scans the package.
Why did Amazon ask me for pictures of my damaged product?,amz_rep_002,damage_photo_requirement,"Replacements, Order Changes, and Cancellations",Photo Submission Requirements,Amazon may request photos clearly showing the damage to support replacement processing.
Why did I only get part of my refund back?,amz_fee_005,partial_refund_reason,"Return Fees, Damage Fees, and Partial Refunds",Partial Refund Policies,"Refunds may be reduced if returned items show customer use, damage, or missing accessories or parts."
Are gift return refunds sent back to the original buyer?,amz_ref_005,gift_refund_policy,"Refund Processing, Timelines, and Refund Types",Partial and Gift Refunds,Gift return refunds are issued to the person who initiated the return request.
Only part of the product is missing. What should I do?,missing_item_from_order_004,missing_item_from_order,Find a Missing Item from Your Order,Part of an item is missing,"First confirm the part is missing from the product packaging. If you cannot find it, contact the manufacturer. If they cannot help, return the item through Your Orders."
A component of my product is missing. What should I check?,missing_item_from_order_004,missing_item_from_order,Find a Missing Item from Your Order,Part of an item is missing,Check the product packaging carefully to confirm whether the part is missing.
An accessory is missing from my product box. What should I do?,missing_item_from_order_004,missing_item_from_order,Find a Missing Item from Your Order,Part of an item is missing,Check the packaging carefully and contact support if the part is still missing.
I received the main product but not the included part.,missing_item_from_order_004,missing_item_from_order,Find a Missing Item from Your Order,Part of an item is missing,Check all packaging and contact support if the included part is missing.
"My package is not lost, but an accessory is missing.",missing_item_from_order_004,missing_item_from_order,Find a Missing Item from Your Order,Part of an item is missing,Check the product packaging carefully and contact support if the accessory is missing.
accesory missing from the product box,missing_item_from_order_004,missing_item_from_order,Find a Missing Item from Your Order,Part of an item is missing,Check all packaging carefully and contact support if the accessory is still missing.
product came but charger is missing,missing_item_from_order_004,missing_item_from_order,Find a Missing Item from Your Order,Part of an item is missing,Check the packaging carefully and contact support if the part is still missing.
Do I need the original packaging when sending something back?,amz_ret_011,return_packaging_requirements,"Initiating, Packaging, and Sending Returns",Packaging and Condition Requirements,"Yes. Returned items should include original packaging, tags, accessories, manuals, and related components."
How do I contact a third-party seller when tracking is unavailable?,missing_tracking_information_003,missing_tracking_information,Missing Tracking Information,Orders Sold and Fulfilled by Third-Party Sellers,"Go to Your Orders, find the order, select Problem with Order, choose the relevant topic, and select Contact Seller. Allow two days for the seller to respond."
What should I do if a third-party order has no tracking?,missing_tracking_information_003,missing_tracking_information,Missing Tracking Information,Orders Sold and Fulfilled by Third-Party Sellers,"Go to Your Orders, select Problem with Order, choose the issue, and contact the seller."
A third-party seller order has no tracking. What should I do?,missing_tracking_information_003,missing_tracking_information,Missing Tracking Information,Orders Sold and Fulfilled by Third-Party Sellers,"Go to Your Orders, select Problem with Order, and contact the seller."
What if the seller did not provide tracking details?,missing_tracking_information_003,missing_tracking_information,Missing Tracking Information,Orders Sold and Fulfilled by Third-Party Sellers,Contact the third-party seller from Your Orders.
Should I contact the seller if tracking is missing?,missing_tracking_information_003,missing_tracking_information,Missing Tracking Information,Orders Sold and Fulfilled by Third-Party Sellers,"Yes, for third-party seller orders, contact the seller through Your Orders."
third party seller didnt give any tracking id,missing_tracking_information_003,missing_tracking_information,Missing Tracking Information,Orders Sold and Fulfilled by Third-Party Sellers,"Go to Your Orders, select Problem with Order, and contact the seller."
seller didnt give tracking details,missing_tracking_information_003,missing_tracking_information,Missing Tracking Information,Orders Sold and Fulfilled by Third-Party Sellers,"Go to Your Orders, select Problem with Order, and contact the seller."
When will tracking appear for an order sold and fulfilled by Amazon?,missing_tracking_information_002,missing_tracking_information,Missing Tracking Information,Orders Sold and Fulfilled by Amazon,Tracking may appear after the package reaches the carrier and receives its first carrier scan.
Is it normal for tracking to appear late?,missing_tracking_information_002,missing_tracking_information,Missing Tracking Information,Orders Sold and Fulfilled by Amazon,Yes. Tracking may appear after the package reaches the carrier and receives its first scan.
Is it normal for tracking information to be delayed?,missing_tracking_information_002,missing_tracking_information,Missing Tracking Information,Orders Sold and Fulfilled by Amazon,Yes. Tracking can appear after the first carrier scan.
Can tracking be missing even after shipment?,missing_tracking_information_002,missing_tracking_information,Missing Tracking Information,Orders Sold and Fulfilled by Amazon,Yes. Tracking may appear only after the package is scanned by the carrier.
no tracking info even tho it says shipped,missing_tracking_information_002,missing_tracking_information,Missing Tracking Information,Orders Sold and Fulfilled by Amazon,Tracking can appear after the package receives its first carrier scan.
no tracking update since order shipped,missing_tracking_information_002,missing_tracking_information,Missing Tracking Information,Orders Sold and Fulfilled by Amazon,Tracking may update after the carrier scans the package.
What should I do if Amazon tracking is unavailable?,missing_tracking_information_001,missing_tracking_information,Missing Tracking Information,Missing Tracking Information,Wait for the carrier scan and check Your Orders again later.
Tracking has not updated for days. What should I check?,missing_tracking_information_001,missing_tracking_information,Missing Tracking Information,Missing Tracking Information,Check Your Orders for updated information and wait for carrier scans.
My package status is blank. What should I do?,missing_tracking_information_001,missing_tracking_information,Missing Tracking Information,Missing Tracking Information,Check again later because tracking may update after the carrier scan.
Can I still receive my order if tracking is missing?,missing_tracking_information_001,missing_tracking_information,Missing Tracking Information,Missing Tracking Information,Yes. A package may still be delivered even if tracking updates are unavailable.
Tracking is missing for a hotel delivery. What should I do?,missing_tracking_information_001,missing_tracking_information,Missing Tracking Information,Missing Tracking Information,Check Your Orders again later because tracking may update after carrier scanning.
tracking number isnt updating since yesterday,missing_tracking_information_001,missing_tracking_information,Missing Tracking Information,Missing Tracking Information,Check Your Orders again later because tracking may update after the carrier scans the package.
What happens if I miss the return deadline?,amz_fee_002,late_return_fee_inquiry,"Return Fees, Damage Fees, and Partial Refunds",Late Return Fees,A late fee may apply. It can be 20% of the item price during the first 30 days after the return-by date and 100% afterward.
What should I do if my shipped order can’t be canceled anymore?,amz_can_002,shipped_order_cancellation_help,"Replacements, Order Changes, and Cancellations",Items That Cannot Be Canceled,You should refuse delivery or return the package through the Online Returns Center.
What should I do if 48 hours have passed after the estimated delivery date?,late_delivery_006,late_delivery,Late Deliveries,If 48 hours have passed since your estimated delivery date,"For orders shipped by Amazon, contact Customer Service within 30 days of the estimated delivery date. For orders shipped and sold by a third-party seller, contact the seller."
What if my late package still has not arrived after 48 hours?,late_delivery_006,late_delivery,Late Deliveries,If 48 hours have passed since your estimated delivery date,"If 48 hours have passed, contact Customer Service within 30 days of the estimated delivery date."
What if my package is late by more than 48 hours?,late_delivery_006,late_delivery,Late Deliveries,If 48 hours have passed since your estimated delivery date,Contact Customer Service within 30 days of the estimated delivery date.
When should I contact Amazon for a delayed delivery?,late_delivery_006,late_delivery,Late Deliveries,If 48 hours have passed since your estimated delivery date,Contact Customer Service if 48 hours have passed since the estimated delivery date.
How long do I have to report a late delivery?,late_delivery_006,late_delivery,Late Deliveries,If 48 hours have passed since your estimated delivery date,Contact Customer Service within 30 days of the estimated delivery date.
its been 2 days after expected delivery date what now,late_delivery_006,late_delivery,Late Deliveries,If 48 hours have passed since your estimated delivery date,Contact Customer Service if 48 hours have passed since the estimated delivery date.
delivery date passed 48 hrs ago,late_delivery_006,late_delivery,Late Deliveries,If 48 hours have passed since your estimated delivery date,Contact Customer Service if 48 hours have passed since the estimated delivery date.
How will Amazon tell me if my delivery is late?,late_delivery_004,late_delivery,Late Deliveries,How we’ll contact you if a delivery is late,Amazon updates tracking with real-time information and emails you when it knows there is a delay. Correspondence also appears in the Message Center.
Will Amazon notify me if my order is delayed?,late_delivery_004,late_delivery,Late Deliveries,How we’ll contact you if a delivery is late,Yes. Amazon updates tracking information and may send an email when a delay is known.
Does Amazon send updates for delayed packages?,late_delivery_004,late_delivery,Late Deliveries,How we’ll contact you if a delivery is late,Yes. Amazon may update tracking or send an email about the delay.
What counts as a bulky item return?,amz_int_004,bulky_item_definition,International and Special Item Returns,Heavy and Bulky Item Returns,"Bulky items include products weighing 50 pounds or more, exceeding 59 inches in length, or exceeding 130 inches in girth."
Can I get a refund if a guaranteed delivery is late?,late_delivery_007,late_delivery,Late Deliveries,Guaranteed deliveries,"For late guaranteed deliveries, you may be eligible for a delivery fee refund. Go to Your Orders, choose the late order, then Problem with an order > Shipping or delivery issues > Shipment is late."
Can I get my delivery charge refunded if Amazon misses a guaranteed delivery date?,late_delivery_007,late_delivery,Late Deliveries,Guaranteed deliveries,You may be eligible for a delivery fee refund if the guaranteed delivery promise was not met.
My guaranteed delivery date was missed. Can I get a refund?,late_delivery_007,late_delivery,Late Deliveries,Guaranteed deliveries,You may be eligible for a delivery fee refund if the guaranteed delivery promise was missed.
amazon missed guaranteed delivery can i get delivery fee back,late_delivery_007,late_delivery,Late Deliveries,Guaranteed deliveries,You may be eligible for a delivery fee refund if the guaranteed delivery promise was missed.
my guaranteed delivery didnt happen,late_delivery_007,late_delivery,Late Deliveries,Guaranteed deliveries,You may be eligible for a delivery fee refund if the guaranteed delivery date was missed.
"If I return a gift, where does the refund go?",amz_track_005,gift_return_refund_destination,Tracking Returns and Refund Status,Gift Return Refund Distribution,The refund goes to the Amazon gift card balance of the account used to create the return request.
What condition does my item need to be in for a successful return?,amz_ret_001,item_return_condition_check,General Amazon Return Policy,General Return Eligibility,Most items must be returned in original or unused condition to qualify for a refund or replacement.
Does Amazon offer free return options nearby?,amz_ret_001,free_return_location_inquiry,General Amazon Return Policy,General Return Eligibility,Yes. Eligible items can often be returned for free at thousands of nearby return locations.
An item is missing from my package. What should I check first?,missing_item_from_order_002,missing_item_from_order,Find a Missing Item from Your Order,Find a missing item shipped by Amazon,Check Your Orders to see whether the missing item is in another shipment. Then select Track Package to see the delivery date for that shipment.
What if there is no tracking information for my missing item?,missing_item_from_order_002,missing_item_from_order,Find a Missing Item from Your Order,Find a missing item shipped by Amazon,"If there is no tracking information for the missing item, Customer Service will assist you."
One item from my Amazon order is missing. What should I do first?,missing_item_from_order_002,missing_item_from_order,Find a Missing Item from Your Order,Find a missing item shipped by Amazon,Check Your Orders to see whether the missing item was shipped separately.
Why did I receive only some items from my order?,missing_item_from_order_002,missing_item_from_order,Find a Missing Item from Your Order,Find a missing item shipped by Amazon,"Your order may have been split into multiple shipments, so another item may still be on the way."
One item is missing from my package. What should I do?,missing_item_from_order_002,missing_item_from_order,Find a Missing Item from Your Order,Find a missing item shipped by Amazon,Check whether the missing item was shipped separately in Your Orders.
I received only part of my order. What now?,missing_item_from_order_002,missing_item_from_order,Find a Missing Item from Your Order,Find a missing item shipped by Amazon,Check Your Orders to see if the remaining item is arriving separately.
My box did not contain everything I ordered. What should I check?,missing_item_from_order_002,missing_item_from_order,Find a Missing Item from Your Order,Find a missing item shipped by Amazon,Check the order details and packaging to see whether items were split or packed separately.
Why did Amazon send only some items?,missing_item_from_order_002,missing_item_from_order,Find a Missing Item from Your Order,Find a missing item shipped by Amazon,"Items from one order may ship separately, so another item may still be on the way."
My order arrived but one product is not inside. What do I do?,missing_item_from_order_002,missing_item_from_order,Find a Missing Item from Your Order,Find a missing item shipped by Amazon,"Check whether the item shipped separately. If not, contact Customer Service."
I got the package but the item is absent. What is the next step?,missing_item_from_order_002,missing_item_from_order,Find a Missing Item from Your Order,Find a missing item shipped by Amazon,"Check if it was shipped separately, then contact support if it was not."
My order says delivered but one item is missing from the box.,missing_item_from_order_002,missing_item_from_order,Find a Missing Item from Your Order,Find a missing item shipped by Amazon,Check whether the item was shipped separately or contact support if it was included in the same shipment.
The package came but not all products were there.,missing_item_from_order_002,missing_item_from_order,Find a Missing Item from Your Order,Find a missing item shipped by Amazon,Check Your Orders to confirm if the missing products are in another shipment.
I ordered two items but received only one.,missing_item_from_order_002,missing_item_from_order,Find a Missing Item from Your Order,Find a missing item shipped by Amazon,Check if the second item has a separate shipment or delivery date.
"My delivered package is missing, but one item is also missing from the order. What should I choose?",missing_item_from_order_002,missing_item_from_order,Find a Missing Item from Your Order,Find a missing item shipped by Amazon,"If the package arrived but one item is absent, treat it as a missing item from the order."
My package arrived late and one item is not inside. What is the issue?,missing_item_from_order_002,missing_item_from_order,Find a Missing Item from Your Order,Find a missing item shipped by Amazon,"Since the package arrived but an item is missing, check if that item shipped separately."
"Tracking says delivered, but I received only one of two products.",missing_item_from_order_002,missing_item_from_order,Find a Missing Item from Your Order,Find a missing item shipped by Amazon,Check Your Orders to see whether the second product is in a separate shipment.
"My item was not in the box, but tracking says delivered.",missing_item_from_order_002,missing_item_from_order,Find a Missing Item from Your Order,Find a missing item shipped by Amazon,"Since the box arrived but the item is missing, check if the item shipped separately or contact support."
i got the box but one item is missing,missing_item_from_order_002,missing_item_from_order,Find a Missing Item from Your Order,Find a missing item shipped by Amazon,Check Your Orders to see whether the missing item was shipped separately.
ordered 2 products got only 1 what do i do,missing_item_from_order_002,missing_item_from_order,Find a Missing Item from Your Order,Find a missing item shipped by Amazon,Check whether the second product has a separate shipment or delivery date.
my parcel came but the actual item wasnt inside,missing_item_from_order_002,missing_item_from_order,Find a Missing Item from Your Order,Find a missing item shipped by Amazon,"Check if the item shipped separately, then contact support if it was not."
i got package but one thing is not there,missing_item_from_order_002,missing_item_from_order,Find a Missing Item from Your Order,Find a missing item shipped by Amazon,Check Your Orders to see whether the missing item shipped separately.
my box has only half the order,missing_item_from_order_002,missing_item_from_order,Find a Missing Item from Your Order,Find a missing item shipped by Amazon,Check whether the remaining items have separate shipments or delivery dates.
ordered 4 items got 3 only,missing_item_from_order_002,missing_item_from_order,Find a Missing Item from Your Order,Find a missing item shipped by Amazon,Check Your Orders to see if the fourth item is arriving separately.
A third-party seller item is missing from my package. Who should I contact?,missing_item_from_order_003,missing_item_from_order,Find a Missing Item from Your Order,Find a missing item shipped and sold by a third-party seller,Contact the third-party seller for assistance.
What should I do if a seller item is missing from my package?,missing_item_from_order_003,missing_item_from_order,Find a Missing Item from Your Order,Find a missing item shipped and sold by a third-party seller,Contact the third-party seller for help with the missing item.
What should I do if a seller item is missing?,missing_item_from_order_003,missing_item_from_order,Find a Missing Item from Your Order,Find a missing item shipped and sold by a third-party seller,Contact the third-party seller for help with the missing item.
What if my third-party seller order arrived incomplete?,missing_item_from_order_003,missing_item_from_order,Find a Missing Item from Your Order,Find a missing item shipped and sold by a third-party seller,Contact the third-party seller through Your Orders.
seller order arrived but some parts are not there,missing_item_from_order_003,missing_item_from_order,Find a Missing Item from Your Order,Find a missing item shipped and sold by a third-party seller,Contact the third-party seller for help with the missing item.
seller sent package but item missing inside,missing_item_from_order_003,missing_item_from_order,Find a Missing Item from Your Order,Find a missing item shipped and sold by a third-party seller,Contact the third-party seller through Your Orders.
Does Amazon offer DHL pickup for international returns?,amz_int_002,dhl_return_pickup_inquiry,International and Special Item Returns,DHL Drop-Off and Pickup Services,Yes. DHL Express pickup scheduling is available in select countries.
My credit card expired. Where will my refund go?,amz_ref_004,alternate_refund_method,"Refund Processing, Timelines, and Refund Types",Declined Refunds,"If the original payment method cannot receive the refund, Amazon issues it to your Amazon account balance."
What should I do if a Final Sale item arrives damaged?,amz_ret_009,damaged_final_sale_item_support,Non-Returnable and Final Sale Items,Damaged Final Sale Items,"You should contact Customer Service if a Final Sale or non-returnable item arrives damaged, defective, or different from the order."
Can Amazon reduce my refund if the product is damaged?,amz_fee_003,damaged_return_refund_policy,"Return Fees, Damage Fees, and Partial Refunds",Damage Fees,"Yes. Damage fees may apply if the returned item is damaged, missing parts, or not in original condition."
Are personalized products refundable?,amz_ret_008,non_returnable_item_check,Non-Returnable and Final Sale Items,Customized and Final Sale Items,No. Customized or personalized products are non-returnable and non-refundable.
"If I pay for return shipping myself, will Amazon reimburse me?",amz_int_003,postage_reimbursement_policy,International and Special Item Returns,Customer-Paid Return Shipping,Amazon may reimburse up to $25 in return postage costs depending on the country and return eligibility.
Can I reopen my Amazon account after closing it?,amz_acc_002,closed_account_recovery,Account Closure and Gift Card Management,Consequences of Account Closure,No. Closed Amazon accounts cannot be restored.
How do I permanently close my Amazon account?,amz_acc_001,account_closure_process,Account Closure and Gift Card Management,Closing an Amazon Account,1. Go to Close Your Amazon Account → 2. Sign into the account → 3. Review associated products and services → 4. Select a closure reason → 5. Check the confirmation box → 6. Select Close my Account → 7. Verify the request through email or text within five days
How do I check my Amazon gift card balance?,amz_gc_001,gift_card_balance_check,Account Closure and Gift Card Management,Checking Gift Card Balances,1. Go to Your Account → 2. Select Gift Cards → 3. View your available gift card balance and transaction history
Can I change the delivery address after placing an order?,amz_ord_001,modify_delivery_address,"Replacements, Order Changes, and Cancellations",Changing Order Information,1. Go to Your Orders → 2. Select Order Details for the order → 3. Select Change beside the delivery address or other editable information → 4. Follow the on-screen instructions
Can I cancel an order that hasn’t shipped yet?,amz_can_001,order_cancellation_request,"Replacements, Order Changes, and Cancellations",Canceling Orders Before Shipping,Yes. Physical items and orders that have not entered the shipp1. Go to Your Orders → 2. Select View or Edit Order → 3. Select Cancel Items → 4. Choose the item(s) to cancel → 5. Select a cancellation reason → 6. Submit the cancellation requesting process can usually be canceled.
Can I return just one item from a savings bundle?,amz_int_007,bundle_return_policy,International and Special Item Returns,Bundle Purchase Returns,No. Items purchased in a Bundle with Savings promotion must be returned together.
Can I ship an Amazon order to a hotel?,hotel_delivery_002,hotel_delivery,About Hotel Deliveries,Before placing your order,"Yes, but contact the hotel first, confirm its package policy, ask about required details or fees, add complete address details, and make sure the delivery date matches your stay."
Can I send an Amazon package to a hotel address?,hotel_delivery_002,hotel_delivery,About Hotel Deliveries,Before placing your order,"Yes, but confirm the hotel’s package policy before placing the order."
What should I ask the hotel before ordering a package there?,hotel_delivery_002,hotel_delivery,About Hotel Deliveries,Before placing your order,"Ask whether the hotel accepts packages, whether fees apply, and how they identify guest packages."
Can I ship an Amazon order to a hotel?,hotel_delivery_002,hotel_delivery,About Hotel Deliveries,Before placing your order,"Yes, but confirm the hotel’s package policy before ordering."
What should I check before sending a package to a hotel?,hotel_delivery_002,hotel_delivery,About Hotel Deliveries,Before placing your order,"Ask whether the hotel accepts packages, whether fees apply, and how packages are identified."
Does the hotel need to know about my Amazon delivery?,hotel_delivery_002,hotel_delivery,About Hotel Deliveries,Before placing your order,Yes. Confirm with the hotel that they can accept the package for you.
Can hotels charge fees for receiving Amazon packages?,hotel_delivery_002,hotel_delivery,About Hotel Deliveries,Before placing your order,Yes. Some hotels may charge package handling or storage fees.
What name should I use for hotel delivery?,hotel_delivery_002,hotel_delivery,About Hotel Deliveries,Before placing your order,Use the guest name and hotel address details clearly so the hotel can identify the package.
Should I ask the hotel about package storage?,hotel_delivery_002,hotel_delivery,About Hotel Deliveries,Before placing your order,Yes. Ask how long they hold packages and whether they charge fees.
Should I include my room number for hotel delivery?,hotel_delivery_002,hotel_delivery,About Hotel Deliveries,Before placing your order,"Include clear guest information if the hotel requires it, but confirm their policy first."
Can I order to a hotel before I arrive?,hotel_delivery_002,hotel_delivery,About Hotel Deliveries,Before placing your order,Ask the hotel whether they accept packages before guest arrival.
Can a hotel reject packages from Amazon?,hotel_delivery_002,hotel_delivery,About Hotel Deliveries,Before placing your order,Yes. That is why you should confirm the hotel’s package policy before ordering.
can i send my amazon order to my hotel?,hotel_delivery_002,hotel_delivery,About Hotel Deliveries,Before placing your order,"Yes, but confirm the hotel’s package policy before placing the order."
can i order something to hotel address,hotel_delivery_002,hotel_delivery,About Hotel Deliveries,Before placing your order,"Yes, but confirm the hotel accepts packages before ordering."
hotel might charge for package delivery?,hotel_delivery_002,hotel_delivery,About Hotel Deliveries,Before placing your order,"Some hotels may charge handling or storage fees, so ask the hotel first."
Is there any protection if I have a problem with a third-party seller?,amz_seg_005,seller_protection_policy,Segment-Specific and Third-Party Seller Policies,A-to-z Guarantee Protection,Yes. Customers may use Amazon’s A-to-z Guarantee protection for seller-related issues.
Can I return medicine bought from Amazon Pharmacy?,amz_seg_001,pharmacy_return_policy,Segment-Specific and Third-Party Seller Policies,Amazon Pharmacy Policy,No. Amazon Pharmacy purchases are non-returnable and non-refundable.
Do Amazon Business purchases follow the same return rules?,amz_seg_002,business_account_return_policy,Segment-Specific and Third-Party Seller Policies,Amazon Business Policy,"Yes. Standard Amazon return policies also apply to Amazon Business purchases, although some special programs may have separate terms."
Will Amazon refund a package delivered to a hotel but lost before I receive it?,hotel_delivery_003,hotel_delivery,About Hotel Deliveries,After ordering,"No. Once the package receives a delivery scan at the hotel front desk, concierge desk, or designated receiving area, Amazon considers delivery successful and will not provide a replacement or refund if the guest later reports it missing."
Who is responsible if my hotel receives the package but loses it?,hotel_delivery_003,hotel_delivery,About Hotel Deliveries,After ordering,"After delivery is scanned at the hotel, Amazon is not responsible if the hotel loses the package."
Who is responsible after my package is delivered to the hotel?,hotel_delivery_003,hotel_delivery,About Hotel Deliveries,After ordering,"Once delivered to the hotel, Amazon is not responsible if the hotel loses it."
What happens if the hotel loses my delivered package?,hotel_delivery_003,hotel_delivery,About Hotel Deliveries,After ordering,"If delivery was completed to the hotel, Amazon is not responsible for hotel loss."
What if my hotel refuses the Amazon package?,hotel_delivery_003,hotel_delivery,About Hotel Deliveries,After ordering,The package may become undeliverable and be returned.
Is Amazon responsible for hotel package handling?,hotel_delivery_003,hotel_delivery,About Hotel Deliveries,After ordering,"No. After delivery to the hotel, hotel handling is outside Amazon’s responsibility."
What should I do after ordering to a hotel?,hotel_delivery_003,hotel_delivery,About Hotel Deliveries,After ordering,Track the order and coordinate with the hotel for pickup.
The package came to my hotel but the hotel cannot find it.,hotel_delivery_003,hotel_delivery,About Hotel Deliveries,After ordering,"If delivery was completed to the hotel, Amazon is not responsible for hotel handling or loss."
What is an advanced refund?,amz_ref_003,advanced_refund_explanation,"Refund Processing, Timelines, and Refund Types",Advanced Refunds,An advanced refund is issued when the carrier first scans the returned item instead of waiting for Amazon to process it.
Can Amazon deliver to a hotel front desk?,hotel_delivery_001,hotel_delivery,About Hotel Deliveries,About Hotel Deliveries,"Yes, if the hotel accepts guest packages at the front desk or mailroom."
I accidentally bought a Kindle book. Can I return it?,amz_ret_004,digital_purchase_return,Return Windows and Eligibility Exceptions,7-Day Digital Purchase Returns,"Yes, accidentally purchased Kindle books that have not been read can be returned within 7 days."
Can the carrier help find a package that says delivered?,missing_package_delivered_006,missing_package_delivered,Find a Missing Package that Shows as Delivered,6 - You can check with the carrier,Yes. The carrier may have more information about the package location. Track it on the carrier website or contact the carrier.
How long should I wait if tracking says delivered but the package has not arrived?,missing_package_delivered_006,missing_package_delivered,Find a Missing Package that Shows as Delivered,5 - Wait 48 hours for the package to be delivered,Wait 48 hours because packages may be scanned as delivered before they actually arrive.
How long should I wait after a package is marked delivered?,missing_package_delivered_006,missing_package_delivered,Find a Missing Package that Shows as Delivered,5 - Wait 48 hours for the package to be delivered,Wait up to 48 hours because packages may be marked delivered before they actually arrive.
Why does Amazon say delivered when I have not received the package?,missing_package_delivered_006,missing_package_delivered,Find a Missing Package that Shows as Delivered,5 - Wait 48 hours for the package to be delivered,Sometimes packages are marked delivered before arrival. Wait up to 48 hours and check nearby locations.
My package was marked delivered today. Should I contact Amazon now?,missing_package_delivered_006,missing_package_delivered,Find a Missing Package that Shows as Delivered,5 - Wait 48 hours for the package to be delivered,Wait up to 48 hours because the package may still arrive.
it says delivered yesterday still cant find it,missing_package_delivered_006,missing_package_delivered,Find a Missing Package that Shows as Delivered,5 - Wait 48 hours for the package to be delivered,"Wait up to 48 hours, because packages may be marked delivered before they arrive."
should i wait if tracking says delivered but no package,missing_package_delivered_006,missing_package_delivered,Find a Missing Package that Shows as Delivered,5 - Wait 48 hours for the package to be delivered,Yes. Wait up to 48 hours because packages may be marked delivered early.
Should I ask neighbors if my package says delivered but is missing?,missing_package_delivered_005,missing_package_delivered,Find a Missing Package that Shows as Delivered,4 - Ask your household members and neighbors,Yes. Ask household members and neighbors whether someone else accepted the delivery.
Should I check with my family if my package is missing?,missing_package_delivered_005,missing_package_delivered,Find a Missing Package that Shows as Delivered,4 - Ask your household members and neighbors,Yes. Ask household members or neighbors whether they accepted the package.
Could my neighbor have received my package?,missing_package_delivered_005,missing_package_delivered,Find a Missing Package that Shows as Delivered,4 - Ask your household members and neighbors,Yes. Ask neighbors and household members whether they accepted it.
package marked delivered but maybe left with neighbour?,missing_package_delivered_005,missing_package_delivered,Find a Missing Package that Shows as Delivered,4 - Ask your household members and neighbors,Ask neighbors and household members whether they accepted the package.
maybe my family took the package how to check,missing_package_delivered_005,missing_package_delivered,Find a Missing Package that Shows as Delivered,4 - Ask your household members and neighbors,Ask household members and neighbors whether they accepted the package.
Can I return an Amazon Renewed Premium item after several months?,amz_ret_007,renewed_product_return_policy,Return Windows and Eligibility Exceptions,365-Day Renewed Premium Returns,Yes. Amazon Renewed Premium products are eligible for returns within 365 days.
Could my delivered package be in a safe place or alternate location?,missing_package_delivered_004,missing_package_delivered,Find a Missing Package that Shows as Delivered,3 - Check around the delivery location,Yes. Check your delivery instructions in Your Addresses because the package may have been left where you requested.
Could Amazon have delivered my package somewhere around my house?,missing_package_delivered_004,missing_package_delivered,Find a Missing Package that Shows as Delivered,3 - Check around the delivery location,"Yes. Check safe places around the delivery location, your mailbox, porch, reception area, or delivery instructions."
Where should I look if my package says delivered?,missing_package_delivered_004,missing_package_delivered,Find a Missing Package that Shows as Delivered,3 - Check around the delivery location,"Check your porch, mailbox, reception area, safe places, and any delivery instructions."
Could the carrier leave my package in a safe place?,missing_package_delivered_004,missing_package_delivered,Find a Missing Package that Shows as Delivered,3 - Check around the delivery location,Yes. Check safe locations around your delivery address.
My tracking says delivered to receptionist. What should I do?,missing_package_delivered_004,missing_package_delivered,Find a Missing Package that Shows as Delivered,3 - Check around the delivery location,"Check with the reception desk, mailroom, or front office."
The carrier says delivered but I found nothing outside. What should I check?,missing_package_delivered_004,missing_package_delivered,Find a Missing Package that Shows as Delivered,3 - Check around the delivery location,"Check your mailbox, porch, garage, building entrance, and other safe places."
amazon says delivered but theres nothing at my door,missing_package_delivered_004,missing_package_delivered,Find a Missing Package that Shows as Delivered,3 - Check around the delivery location,"Check your porch, mailbox, reception area, building entrance, and other safe places nearby."
package delivered but not outside my door,missing_package_delivered_004,missing_package_delivered,Find a Missing Package that Shows as Delivered,3 - Check around the delivery location,"Check nearby safe places, mailbox, porch, reception, or building entrance."
Where should I check for proof that delivery was attempted or completed?,missing_package_delivered_003,missing_package_delivered,Find a Missing Package that Shows as Delivered,2 - Search for a notice of delivery attempt,"Check the Message Center, delivery confirmation in Your Orders, your mailbox or usual mail area, and any delivery photo."
What should I do if there is a delivery attempt notice?,missing_package_delivered_003,missing_package_delivered,Find a Missing Package that Shows as Delivered,2 - Search for a notice of delivery attempt,Check the notice for instructions from the carrier about redelivery or pickup.
Should I check for a delivery attempt notice?,missing_package_delivered_003,missing_package_delivered,Find a Missing Package that Shows as Delivered,2 - Search for a notice of delivery attempt,Yes. Look for a notice from the carrier with pickup or redelivery instructions.
delivery attempted notice left what should i do,missing_package_delivered_003,missing_package_delivered,Find a Missing Package that Shows as Delivered,2 - Search for a notice of delivery attempt,Follow the carrier instructions on the delivery attempt notice.
Are Apple products covered under the normal 30-day return policy?,amz_ret_005,apple_product_return_policy,Return Windows and Eligibility Exceptions,15-Day Apple Product Returns,No. New Apple brand products have a 15-day return window.
My package says delivered but I cannot find it. What should I do first?,missing_package_delivered_002,missing_package_delivered,Find a Missing Package that Shows as Delivered,1 - Confirm shipping address in Your Orders,First verify that the shipping address in Your Orders is correct.
"My package says delivered, but I do not see it. What should I check?",missing_package_delivered_002,missing_package_delivered,Find a Missing Package that Shows as Delivered,1 - Confirm shipping address in Your Orders,First check Your Orders and confirm that the delivery address is correct.
Should I check my delivery address if my package is missing?,missing_package_delivered_002,missing_package_delivered,Find a Missing Package that Shows as Delivered,1 - Confirm shipping address in Your Orders,Yes. Confirm the shipping address in Your Orders first.
